Manager ID,Manager Name
2,2POINT2 CAPITAL ADVISORS LLP
3,2POINT2 CAPITAL ADVISORS LLP
4,4A SECURITIES
5,A C CHOKSI SHARE BROKERS PRIVATE LIMITED
6,A C Choksi Share Brokers Private Limited
7,A. K. WEALTH MANAGEMENT PRIVATE LIMITED
8,A. K. Wealth Management Private Limited
9,AAROHAN HOLDINGS AND ADVISORS PRIVATE LIMITED
10,Aarohan Holdings and Advisors Private Limited
11,Abakkus Asset Manager LLP
12,ABANS BROKING SERVICES PRIVATE LIMITED
13,ABCHLOR INVESTMENT ADVISORS PRIVATE LIMITED
14,Abchlor Investment Advisors Private Limited
15,ABN AMRO ASSET MANAGEMENT (I) LTD.
16,ABN AMRO BANK N.V.
17,ABN AMRO BANK N.V.
18,ACCURACAP CONSULTANCY SERVICES PRIVATE LIMITED
19,Accuracap Consultancy Services Private Limited
20,ACEPRO ADVISORS PRIVATE LIMITED
21,Acepro Advisors Private Limited
22,ACHINTYA SECURITIES PRIVATE LIMITED
23,Action Financial Services (India) Ltd.
24,Acumen Capital Market (India) Limited
25,Ada Sustainable Investment Services Private Limited
26,ADITYA BIRLA MONEY LIMITED
27,ADITYA BIRLA MONEY LIMITED
28,ADROIT FINANCIAL SERVICES PRIVATE LIMITED
29,Adroit Financial Services Private Limited
30,AEQUITAS INVESTMENT CONSULTANCY PRIVATE LIMITED
31,Aequitas Investment Consultancy Private Limited
32,Agreya Capital Advisors LLP
33,AIG Global Asset Management Company (India) Pvt. Ltd.
34,AJMERA ASSOCIATES LIMITED
35,ALANKIT ASSIGNMENTS LTD.
36,ALANKIT ASSIGNMENTS LTD.
37,ALCHEMY CAPITAL MANAGEMENT PRIVATE LTD
38,ALCHEMY CAPITAL MANAGEMENT PRIVATE LTD
39,ALDER CAPITAL ADVISORS LLP
40,Alder Capital Advisors LLP
41,ALFACCURATE ADVISORS PVT. LTD.
42,AlfAccurate Advisors Pvt. Ltd.
43,ALLEGRO CAPITAL ADVISORS PVT LTD
44,ALLEGRO CAPITAL ADVISORS PVT LTD
45,ALLIANCE FUNDSS MGT.LTD
46,ALMONDZ GLOBAL SECURITIES LIMITED
47,ALPHA ALTERNATIVES FUND ADVISORS LLP
48,ALPHA CAPITAL ADVISORS PVT. LTD.
49,Alpha Capital Advisors Pvt. Ltd.
50,ALTITUDE CAPITAL ADVISORS PRIVATE LIMITED
51,ALTITUDE CAPITAL ADVISORS PRIVATE LIMITED
52,AMBIT CAPITAL PRIVATE LTD
53,AMBIT CAPITAL PRIVATE LTD
54,AMBIT INVESTMENT ADVISORS PRIVATE LIMITED
55,Ambit Investment Advisors Private Limited
56,AMIDEEP WEALTH MANAGEMENT PVT LTD
57,AMIT JASANI FINANCIAL SERVICES PVT LTD
58,AMIT JASANI FINANCIAL SERVICES PVT LTD.
59,AMJ STOCK BROKERS PRIVATE LIMITED
60,Amrapali Aadya Trading and Investment Pvt. Ltd.
61,AMTIGER CONSULTANTS PRIVATE LIMITED
62,ANAGRAM STOCKBROKING LIMITED
63,ANAND RATHI ADVISORS LIMITED
64,ANAND RATHI ADVISORS LIMITED
65,ANGEL BROKING LTD.
66,ANGEL BROKING LTD.
67,ANIVED PORTFOLIO MANAGERS PVT. LTD.
68,Anived Portfolio Managers Pvt. Ltd.
69,ANMOL FINSEC LIMITED
70,ANTIQUE STOCK BROKING LIMITED
71,ANTIQUE STOCK BROKING LTD
72,ANUGRAH STOCK & BROKING PVT. LTD
73,ANVIL WEALTH MANAGEMENT PVT LTD
74,ANVIL WEALTH MANAGEMENT PVT LTD
75,APEEJAY SECURITIES PRIVATE LIMITED
76,Apollo Finvest (India) Limited
77,APOLLO SINDHOORI CAPITAL INVESTMENT LIMITED
78,Aquamarine Investment Managers LLP
79,Arcadia Share & Stock Brokers Pvt Ltd
80,ARCH FINANCE LTD
81,ARIHANT ASSET MANAGEMENT LIMITED
82,ARIHANT CAPITAL MARKETS LTD.
83,ARISTON CAPITAL SERVICES PRIVATE LIMITED
84,Arthveda Fund Management Private Limited
85,Arthya Wealth and Investments Pvt Ltd
86,ASHIKA STOCK BROKING LIMITED
87,ASHIKA STOCK BROKING LTD
88,ASHLAR SECURITIES PVT. LTD.
89,ASHLAR SECURITIES PVT. LTD.
90,Ashok Leyland Investment Services Ltd.
91,ASHWANI GUJRAL INVESTMENT & PORTFOLIO MANAGEMENT PVT. LTD.
92,ASHWANI GUJRAL INVESTMENT & PORTFOLIO MANAGEMENT PVT. LTD.
93,ASIAN MARKETS SECURITIES PRIVATE LIMITED
94,Asian Markets Securities Private Limited
95,Asit C Mehta Investment Interrmediates Ltd.
96,Asit C. Mehta Investment Interrmediates Limited
97,ASK INVESTMENT MANAGERS LIMITED
98,ASK Investment Managers Private Limited
99,ASK Property Investment Advisors Private Limited
100,ASK WEALTH ADVISORS PRIVATE LIMITED
101,ASTER BUSINESS RESEARCH PVT. LTD.
102,ASTUTE INVESTMENT MANAGEMENT PRIVATE LIMITED
103,ASTUTE INVESTMENT MANAGEMENT PRIVATE LIMITED
104,Aten Portfolio Managers Private Limited
105,ATLAS INTEGRATED FINANCE LTD
106,ATLAS INTEGRATED FINANCE LTD
107,Atman Capital Management Private Limited
108,ATS WEALTH MANAGERS PRIVATE LIMITED
109,ATS WEALTH MANAGERS PRIVATE LIMITED
110,ATS Wealth Managers Private Limited
111,AUM CAPITAL MARKET PRIVATE LIMITED
112,AUROCH INVESTMENT MANAGERS PRIVATE LIMITED
113,AVANT GARDE WEALTH MANAGEMENT PVT. LTD.
114,Avendus Capital Public Markets Alternate Strategies LLP
115,AVENDUS PE INVESTMENT ADVISORS PRIVATE LIMITED
116,Avendus Wealth Management Private Limited
117,AVENDUS WEALTH MANAGEMENT PRIVATE LTD
118,Avendus Wealth Management Private Ltd
119,Avestha Fund Management LLP
120,Avezo Advisors Private Limited
121,AVEZO ADVISORS PRIVATE LIMITED
122,Avezo Advisors Private Limited
123,Awriga Capital Advisors LLP
124,AXIS ASSET MANAGEMENT COMPANY LIMITED
125,Axis Asset Management Company Limited
126,AXIS SCEURITIES LIMITED
127,AXIS SCEURITIES LIMITED
128,BADJATE STOCK & SHARES PVT. LTD
129,Baljit Securities Private Limited
130,BANG EQUITY BROKING PVT. LTD.
131,BANHEM SECURITIES PVT. LTD.
132,Bank of Madura Ltd.
133,BANYAN CAPITAL ADVISORS PRIVATE LIMITED
134,BANYAN CAPITAL ADVISORS PRIVATE LIMITED
135,BANYAN TREE ADVISORS PRIVATE LIMITED
136,BANYAN TREE ADVISORS PRIVATE LIMITED
137,Barclays Bank Plc
138,BARCLAYS SECURITIES (INDIA) PRIVATE LIMITED
139,BARCLAYS SECURITIES (INDIA) PRIVATE LIMITED
140,BASAN EQUITY BROKING LIMITED
141,BASANT MAHESHWARI WEALTH ADVISERS LLP
142,Basant Maheshwari Wealth Advisers LLP
143,BAY CAPITAL INVESTMENT ADVISORS PRIVATE LIMITED
144,BAY CAPITAL INVESTMENT ADVISORS PRIVATE LIMITED
145,Bay Capital Investment Managers Private Limited
146,BCB Capital Advisors Private Limited
147,BELLWETHER CAPITAL PRIVATE LIMITED
148,BELLWETHER CAPITAL PRIVATE LIMITED
149,BENCHMARK ASSET MANAGEMENT COMPANY PVT LTD
150,Betala Global Securities Ltd
151,BHANA EQUITY ADVISORS LLP
152,Bharat Forge Ltd.
153,Bharti AXA Investment Managers Private Ltd.
154,BIRLA SUN LIFE ASSET MANAGEMENT COMPANY LIMITED
155,BIRLA SUN LIFE ASSET MANAGEMENT COMPANY LIMITED
156,Blue Blends Finance Ltd.
157,BMA WEALTH CREATORS LTD
158,BNP PARIBAS (BANQUE NATIONALE DE PARIS-INDIA)
159,BNP PARIBAS ASSET MANAGEMENT INDIA PRIVATE LIMITED
160,BNP Paribas Asset Management India Private Limited
161,BNP PARIBAS INVESTMENT SERVICES INDIA PVT LTD
162,BOB Capital Markets Ltd.
163,BOI AXA Investment Managers Private Limited
164,BONANZA PORTFOLIO LIMITED
165,BONANZA PORTFOLIO LIMITED
166,Brahma Capital Advisory Services Pvt Ltd
167,BRAIN POINT Investment Centre Pvt Ltd
168,Brescon Financial Services Limited
169,BRICS SECURITIES LIMITED
170,BULLERO CAPITAL PRIVATE LIMITED
171,BULLERO CAPITAL PRIVATE LIMITED
172,Bulls & Bears Financial Ltd
173,BUOYANT CAPITAL PRIVATE LIMITED
174,Buoyant Capital Private Limited
175,Burman Capital Management Private Limited
176,CALIBRE FINANCIAL SERVICES LTD
177,Calsita Futuristic Ser Ltd
178,CAMEO WEALTH MANAGEMENT SERVICES LTD
179,CANARA ROBECO ASSET MANAGEMENT COMPANY LIMITED
180,CANARA ROBECO ASSET MANAGEMENT COMPANY LIMITED
181,Capgrow Capital Advisors LLP
182,CAPSTOCKS AND SECURITIES (INDIA) PRIVATE
183,CAPSTOCKS AND SECURITIES (INDIA) PRIVATE
184,CARE PORTFOLIO MANAGERS PRIVATE LIMITED
185,Care Portfolio Managers Private Limited
186,CARE PORTFOLIO MANAGERS PVT. LTD
187,Carnelian Asset Advisors Private Limited
188,Catalytic Solution and Management Services Private Limited
189,CD CAPITAL MARKETS LTD
190,CD Research (P) Ltd
191,Ceat Financial Services Ltd.
192,CENTRAL FINANCE LTD
193,Centrum Alternatives LLP
194,CENTRUM BROKING LIMITED
195,Centrum Broking Limited
196,CENTRUM BROKING PRIVATE LTD
197,Chanakya Capital Services Private Limited
198,CHIRAG SHARE AND STOCKBROKING PVT LTD
199,Choice Portfolio Management Services Private Limited.
200,CHOLAMANDALAM SECURITIES LIMITED
201,CHONA FINANCIAL SERVICES PRIVATE LTD.
202,CHONA FINANCIAL SERVICES PRIVATE LTD.
203,CIFCO LTD
204,CITIGROUP GLOBAL MARKETS INDIA PRIVATE LTD
205,Clarity Financial Services Ltd
206,CLUBMILLIONAIRE FINANCIAL SERVICES PRIVATE LIMITED
207,Clubmillionaire Financial Services Private Limited
208,Coast Redwood Advisors Private Limited
209,COMPOSITE INVESTMENTS PRIVATE LIMITED
210,COMPOUND EVERYDAY CAPITAL MANAGEMENT LLP
211,CONCEPT INVESTWELL PRIVATE LIMITED
212,CONCEPT SECURITIES PRIVATE LIMITED
213,CONSORTIUM SECURITIES PVT. LTD.
214,Consortium Securities Pvt. Ltd.
215,Continental Exim & Fin Ser Ltd
216,CONVEXITY SOLUTIONS AND ADVISORS PRIVATE LIMITED
217,Corestrat Heramb LLP
218,Corporation Bank
219,COUNTER CYCLICAL INVESTMENTS PRIVATE LIMITED
220,CRB Capital Markets Ltd.
221,Credent Asset Management Services Private Limited
222,"CREDIT SUISSE SECURITIES (INDIA) PRIVATE LIMITED (""CS INDIA"")"
223,"CREDIT SUISSE SECURITIES (INDIA) PRIVATE LIMITED (""CS INDIA"")"
224,CRESCITA INVESTMENT MANAGEMENT PRIVATE LIMITED
225,Crescita Investment Management Private Limited
226,CREST WEALTH MANAGEMENT PRIVATE LIMITED
227,Crest Wealth Management Private Limited
228,DAIWA ASSET MANAGEMENT (INDIA) PRIVATE LIMITED
229,DAIWA PORTFOLIO ADVISORY (INDIA) PRIVATE LIMITED
230,DAIWA PORTFOLIO ADVISORY (INDIA) PRIVATE LIMITED
231,DALAL & BROACHA STOCK BROKING PVT. LTD.
232,Dalal & Broacha Stock Broking Pvt. Ltd.
233,Dalmia Securities pvt ltd
234,DARASHAW & COMPANY LTD
235,DARASHAW & COMPANY LTD
236,DAWNAY DAY AV FINANCIAL SERVICES PVT. LTD
237,DBS Cholamandalam Asset Management Ltd.
238,Decimal Wealth Partners Pvt Ltd
239,Derivium Tradition Securities (India) Pvt. Ltd.
240,Destimoney India Services Private Limited
241,Deutche Asset Management India Private Limited
242,DEUTSCHE BANK AG
243,DEUTSCHE INVESTMENTS INDIA PRIVATE LIMITED
244,DEUTSCHE INVESTMENTS INDIA PRIVATE LIMITED
245,DGS CAPITAL MANAGEMENT PRIVATE LIMITED
246,DGS CAPITAL MANAGEMENT PRIVATE LIMITED
247,DHANADA PORTFOLIO MANAGEMENT LTD
248,DHFL PRAMERICA ASSET MANAGERS PRIVATE LIMITED
249,Dil Vikas Finance Ltd.
250,DMZ Partners Investment Management LLP
251,DOHA BROKERAGE AND FINANCIAL SERVICES LTD
252,DOHA BROKERAGE AND FINANCIAL SERVICES LTD
253,Doogar & Associates Ltd.
254,DSJ Finance Corp. Ltd.
255,DSP BlackRock Investment Managers Private Limited
256,DSP Merrill Lynch Limited
257,DSP MERRILL LYNCH LTD
258,Dugar Finance India Ltd.
259,DUNDEE INVESTMENT MANAGEMENT & RESEARCH
260,DUTT CAPITAL ADVISORS PRIVATE LIMITED
261,DYNAMIC EQUITIES PRIVATE LIMITED
262,Dynamic Equities Private Limited
263,East India Securities Ltd
264,East Lane Capital LLP
265,EDELWEISS ASSET MANAGEMENT LIMITED
266,Edelweiss Asset Management Limited
267,EDELWEISS ASSET MANAGEMENT LIMITED
268,EDELWEISS GLOBAL WEALTH MANAGEMENT LIMITED
269,EDHA WEALTH LLP
270,EFG WEALTH MANAGEMENT (INDIA) PRIVATE LIMITED
271,EKLAVYA CAPITAL ADVISORS LLP
272,Eklavya Capital Advisors LLP
273,ELITE WEALTH ADVISORS LIMITED
274,Elite Wealth Advisors Limited
275,ELIXIR EQUITIES PVT. LTD.
276,ELIXIR EQUITIES PVT. LTD.
277,ELYSIUM INVESTMENT ADVISORS LLP
278,Elysium Investment Advisors LLP
279,EMKAY INVESTMENT MANAGERS LIMITED
280,Emkay Investment Managers Limited
281,Emkay Investment Managers Limited
282,ENAM ASSET MANAGEMENT CO.PVT.LTD
283,ENAM ASSET MANAGEMENT CO.PVT.LTD
284,ENAM SECURITIES DIRECT PRIVATE LIMITED
285,Entrust Family Office Investment Advisors Private Limited
286,ENVISION CAPITAL ADVISORS PVT. LTD.
287,ENVISION CAPITAL SERVICES PVT.LTD.
288,ENVISION CAPITAL SERVICES PVT.LTD.
289,Equinomics Research & Advisory Private Limited
290,EQUIRUS SECURITIES PRIVATE LIMITED
291,Equirus Securities Private Limited
292,Equirus Securities Private Limited
293,EQUIRUS WEALTH PRIVATE LIMITED
294,Equitree Capital Advisors Private Limited
295,EQUITY INTELLIGENCE INDIA PVT. LTD.
296,EQUITY INTELLIGENCE INDIA PVT. LTD.
297,ESCORP ASSET MANAGEMENT LIMITED
298,Escorp Asset Management Limited
299,Escorts Financial Services Ltd.
300,ESCORTS SECURITIES LIMITED
301,ESL SECURITIES LIMITED
302,Essel Finance Portfolio Managers Private Limited
303,ESTEE ADVISORS PVT LTD.
304,Estee Advisors Pvt Ltd.
305,EUREKA PORTFOLIO MANAGEMENT SERVICES PVT LTD
306,Eureka Portfolio Management Services Pvt. Ltd.
307,Exclusive Securities Limited
308,FAIRWEALTH SECURITIES (P) LTD.
309,FALCON BROKERAGE PRIVATE LTD
310,FCH Centrum Wealth Managers Limited
311,FE SECURITIES PVT. LTD.
312,Ficus Mercantile Limited
313,FINQUEST SECURITIES P LTD
314,First Global Finance Pvt Ltd
315,FIRST GLOBAL STOCKBROKING (P) LTD.
316,FIRST GLOBAL STOCKBROKING PVT LTD
317,FIVE RIVERS PORTFOLIO MANAGERS PRIVATE LIMITED
318,Five Rivers Portfolio Managers Private Limited
319,FLORINTREE ADVISORS PRIVATE LIMITED
320,Focus Shares & Securities Pvt. Ltd.
321,Forefront Capital Management Private Limited
322,Fort Capital Investment Advisory Private Limited
323,FORTIS INVESTMENT MANAGEMENT (INDIA) PRIVATE LIMITED
324,FORTUNE FINANCIAL SERVICES (INDIA) LIMITED
325,Fortune Wealth Management Co (I) Pvt Ltd
326,Fractal Capital Investments LLP
327,FRANKLIN TEMPLETON ASSET MANAGEMENT (INDIA) PRIVATE LIMITED
328,Franklin Templeton Asset Management (India) Private Limited
329,FRONTLINE CAPITAL SERVICES LIMITED
330,FRR Shares And Securities Ltd.
331,FUTURE CAPITAL HOLDINGS LIMITED
332,G.M.MERCHANT BANKING AND FINANCIAL SERVI
333,Geojit BNP Paribas Financial Services Limited
334,GEOJIT FINANCIAL SERVICES LIMITED
335,GEOJIT FINANCIAL SERVICES LIMITED
336,GEOJIT FINANCIAL SERVICES LTD
337,GEPL CAPITAL PRIVATE LIMITED
338,GHALLA BHANSALI STOCK BROKERS PRIVATE LIMITED
339,Ghalla Bhansali Stock Brokers Private Limited
340,GILTEDGE PORTFOLIO MANAGEMENT SERVICES L
341,GIRIK WEALTH ADVISORS PRIVATE LIMITED
342,GIRIK WEALTH ADVISORS PRIVATE LIMITED
343,GLOBALWORTH SECURITIES LIMITED
344,GLOBE CAPITAL MARKET LTD.
345,GLOBE CAPITAL MARKET LTD.
346,GLOVISTA ENTERPRISE PVT. LTD.
347,GOCAPITAL FINANCE LIMITED
348,GOGIA INTERNATIONAL SECURITIES LTD.
349,Goldcrest Finance (India) Ltd
350,Goldman Sachs Asset Management (India) Private Ltd
351,GOLDMINE STOCKS PVT. LTD.
352,Good Fortune Capitals Private Limited
353,Green Lantern Capital LLP
354,GREEN PORTFOLIO PRIVATE LIMITED
355,GROVALUE FINANCIAL SERVICES PRIVATE LIMITED
356,Gryffon Investment Advisors Pvt. Ltd.
357,GUARDIAN ADVISORS PVT LTD
358,GUARDIAN ADVISORS PVT LTD
359,GUARDIAN ADVISORS PVT LTD
360,Guardian Asset Management Private Limited
361,GUINESS PORTFOLIO MANAGEMENT SERVICES PRIVATE LIMITED
362,GUINESS PORTFOLIO MANAGEMENT SERVICES PVT. LTD.
363,Hanut Alternate Investments LLP
364,HARITA INVTS PVT.LTD
365,HARMONEY WEALTH ADVISORY SERVICES INDIA PVT LTD
366,HARMONEY WEALTH ADVISORY SERVICES INDIA PVT LTD
367,Harvest Financials Limited
368,HB Portfolio Limited
369,HDFC ASSET MANAGEMENT COMPANY LTD
370,HDFC ASSET MANAGEMENT COMPANY LTD
371,HDFC BANK LTD
372,HDFC BANK LTD.
373,HDFC SECURITIES LIMITED
374,HEDGE EQUITIES LTD
375,HEDGE EQUITIES LTD
376,Helios Capital Management India LLP
377,Hem Securities Limited
378,HERCULES CAPITAL ADVISORS P. LTD.
379,Hoffland Finance Ltd
380,Hornic Investments Private Limited
381,HOUSING DEVELOPMENT FINANCE CORPN.LTD.
382,HSBC ASSET MANAGEMENT (INDIA) PVT. LTD.
383,HSBC ASSET MANAGEMENT (INDIA) PVT. LTD.
384,HSBC INVESTDIRECT SECURITIES (INDIA) LIMITED
385,HUNTER WEALTH MANAGEMENT LLP
386,ICAN INVESTMENTS ADVISORS LIMITED
387,ICDS Ltd.
388,ICICI BANK LTD.
389,ICICI INVESTMENT MANAGEMENT COMPANY LIMI
390,ICICI PRUDENTIAL ASSET MANAGEMENT COMPANY LTD.
391,ICICI PRUDENTIAL ASSET MANAGEMENT COMPANY LTD.
392,ICICI SECURITIES LIMITED
393,ICICI Securities Limited
394,ICICI SECURITIES PRIMARY DEALERSHIP LTD (FORMERLY ICICI SECURITIES LTD)
395,ICICI SECURITIES PRIMARY DEALERSHIP LTD (FORMERLY ICICI SECURITIES LTD)
396,ICICI WEB TRADE LIMITED
397,IDBI CAPITAL MARKET SERVICES LTD
398,IDBI CAPITAL MARKET SERVICES LTD
399,IDFC ASSET MANAGEMENT COMPANY LIMITED
400,IDFC ASSET MANAGEMENT COMPANY LIMITED
401,IDFC Asset Management Company Limited
402,IFB SECURITIES LTD
403,IFCI Financial Services Limited
404,IIFL Asset Management Limited
405,IIFL Asset Management Limited
406,IIFL WEALTH ADVISORS INDIA LIMITED
407,IIFL WEALTH MANAGEMENT LIMITED
408,IIFL WEALTH MANAGEMENT LIMITED
409,IIFL WEALTH PORTFOLIO MANAGERS LIMITED
410,IL and FS Investment Managers Limited
411,IL&FS PORTFOLIO MANAGEMENT SERVICES LIMITED.
412,IL&FS INVESTMENT MANAGERS LIMITED
413,IL&FS INVESTSMART LTD
414,Imperial Corporate Fin. & Serv. Pvt. Ltd
415,IMPETUS WEALTH MANAGMENT PVT LTD
416,IMPETUS WEALTH MANAGMENT PVT LTD
417,Incred Capital Wealth Portfolio Managers Private Limited
418,Indbank Merchant Banking Services Ltd
419,Indgrowth Capital Advisors LLP
420,INDIA CAPITAL MARKETS PVT. LTD.
421,INDIA CAPITAL MARKETS PVT. LTD.
422,INDIA INFOLINE LTD
423,INDIA INFOLINE LTD
424,INDIA INFOLINE SECURITIES PVT LTD
425,INDIA LIFE ASSET MANAGEMENT CO LTD
426,India Securities Ltd
427,INDIABULLS ASSET MANAGEMENT CO. LTD.
428,Indiabulls Asset Management Co. Ltd.
429,Indiabulls Securities Ltd.
430,IndiaNivesh Investment Managers Private Limited
431,Indira Securities Private Limited
432,INDSEC SECURITIES AND FINANCE LTD.
433,INDSEC SECURITIES AND FINANCE LTD.
434,IndusInd Bank Ltd.
435,INFINITE FINANCIAL SER.P.LTD.
436,INFINITY ALTERNATIVES INVESTMENT MANAGERS PRIVATE LIMITED
437,Infinity Alternatives Investment Managers Private Limited
438,INFRASTRUCTURE DEVELOPMENT FINANCE CO. L
439,INFRASTRUCTURE DEVELOPMENT FINANCE COMPA
440,INFRASTRUCTURE FINANCE COMPANY GUJARAT L
441,ING BANK N.V.
442,ING INVESTMENT MANAGEMENT (INDIA) PVT LT
443,ING VYSYA BANK LIMITED
444,INSIGHT ASSET MGT.I.PVT.LTD.
445,Integrated Finance Company Ltd.
446,INTERFACE FINANCIAL SERVICES LTD
447,Inventure Growth & Securities Limited
448,INVESCO ASSET MANAGEMENT (INDIA) PRIVATE LIMITED
449,Invesco Asset Management (India) Private Limited
450,INVEXA CAPITAL LLP
451,Ispat Finance Ltd.
452,ITC AGRO-TECH FINANCE AND INVESTMENTS
453,ithought Financial consulting LLP
454,ITI Alternate Funds Management Limited
455,Itus Capital Advisors Pvt Ltd
456,J.J. BHABHERA SHARE BROKERS PVT. LTD.
457,J.M.SHARE & STOCK BROKERS LTD
458,JAIN INVESTMENT ADVISORS PVT. LTD
459,Jain Investment Advisors Pvt. Ltd
460,JAIN SECURITIES INTERNATIONAL LTD.
461,JAINAM SHARE CONSULTANTS PVT. LTD.
462,JANAK MERCHANT SECURITIES PVT LTD
463,JANAK MERCHANT SECURITIES PVT LTD
464,Jasper Financial Services Private Limited
465,JAYPEE CAPITAL SERVICES LTD.
466,JEETAY INVESTMENTS PVT LTD
467,JEETAY INVESTMENTS PVT LTD
468,JIK Industries Limited.
469,JM FINANCIAL ASSET MANAGEMENT LTD.
470,JM FINANCIAL ASSET MANAGEMENT LTD.
471,JM FINANCIAL SERVICES LTD
472,JM FINANCIAL SERVICES LTD
473,JOINDRE CAPITAL SERVICES LIMITED
474,JOINDRE CAPITAL SERVICES LIMITED
475,JRG Securities Ltd
476,Julius Baer Wealth Advisors India Private Limited
477,K M CAPITAL LTD
478,Kantilal Chhaganlal Securities Pvt. Ltd
479,KARMA CAPITAL ADVISORS PVT. LTD.
480,KARMA CAPITAL ADVISORS PVT. LTD.
481,KARVY CAPITAL LIMITED
482,KARVY CAPITAL LIMITED
483,KARVY STOCK BROKING LTD.
484,KARVY STOCK BROKING LTD.
485,KB CAPITAL MARKETS PVT. LTD.
486,KB CAPITAL MARKETS PVT. LTD.
487,Kedia Shares & Stocks Brokers Ltd
488,KEYNOTE CAPITALS LIMITED
489,Keynote Capitals Limited
490,Keynote Corporate Services Limited
491,KHANDWALA SECURITIES LTD
492,KHANDWALA SECURITIES LTD
493,KIFS SECURITIES PVT. LTD.
494,KJMC Financial Services Ltd
495,KKR India Financial Services Private Limited
496,Klay Securities Private Limited
497,KOTAK INVESTMENT ADVISORS LIMITED
498,Kotak Investment Advisors Limited
499,KOTAK MAHINDRA ASSET MANAGEMENT COMPANY LTD
500,KOTAK MAHINDRA ASSET MANAGEMENT COMPANY LTD
501,Kotak Mahindra Bank Limited
502,KOTAK MAHINDRA FINANCE LTD
503,KOTAK SECURITIES LTD
504,KOTAK SECURITIES LTD
505,KRCHOKSEY SHARES AND SECURITIES PRIVATE LIMITED
506,KRCHOKSEY SHARES AND SECURITIES PRIVATE LIMITED
507,Kriis Portfolio Pvt. Ltd.
508,KRONE RESEARCH & BROKERAGE (P) LTD
509,KSEMA WEALTH MANAGEMENT PVT LTD
510,KUMAR SHARE BROKERS LIMITED
511,Kumar Share Brokers Limited
512,KUNVARJI FINSTOCK PRIVATE LIMITED
513,Kunvarji Finstock Private Limited
514,KUNVARJI FINSTOCK PVT. LTD
515,L&T CAPITAL MARKETS LTD
516,L&T INVESTMENT MANAGEMENT LIMITED
517,L&T INVESTMENT MANAGEMENT LIMITED
518,Laburnum Capital Advisors Private Limited
519,Laburnum Capital Advisors Private Limited
520,lakewater advisors private limited
521,Landmark Capital Advisors Private Limited
522,LANDMARK CAPITAL ADVISORS PRIVATE LIMITED
523,LAPIS INDIA CAPITAL ADVISORS PRIVATE LIMITED
524,LATIN MANHARLAL SECURITIES PVT. LTD.
525,LFS BROKING PRIVATE LIMITED
526,Libord Finance Ltd.
527,LIC MUTUAL FUND ASSET MANAGEMENT LTD
528,LIC MUTUAL FUND ASSET MANAGEMENT LTD
529,LIC MUTUAL FUND ASSET MANAGEMENT LTD
530,LKP SECURITIES LTD
531,LKP SECURITIES LTD
532,LKP SHARES & SECURITIES LTD
533,LKS Murthy Inv.& Fin.Cons.P.Ltd
534,Lloyds Finance Limited
535,LogicTree Investment Advisers Private Limited
536,M HIND FINANCIAL SERVICES PVT LTD
537,M/S JHP SECURITIES PRIVATE LIMITED
538,M/s JHP Securities Private Limited
539,M/s JHP Securities Private Limited
540,M/s. Religare Macquarie Wealth Management Limited
541,"M/S.ASTEYA INVESTMENT MANAGERS LLP,"
542,Mafatlal Finance Co. Ltd.
543,MAFATLAL SECURITIES LTD
544,Magadh Capital Advisors LLP
545,MAGUS CAPITAL SERVICES PRIVATE LIMITED
546,MAIA FINANCIAL SERVICES PRIVATE LIMITED
547,MAJORTREND CAPITAL PVT LTD
548,MANGAL KESHAV SECURITIES LIMITED
549,Mangal Keshav Securities Limited
550,MANSUKH SECURITIES & FINANCE LIMITED
551,MAPE SECURITIES PRIVATE LIMITED
552,Marathon Trends Advisory Private Limited
553,Marcellus Investment Managers Private Limited
554,MARFATIA STOCK BROKING PRIVATE LIMITED
555,MARFATIA STOCK BROKING PRIVATE LIMITED
556,Marg Securities Limited.
557,MARKET CREATORS LTD
558,Market Creators Ltd.
559,MARWADI SHARES & FINANCE LTD.
560,MASTER PORTFOLIO SERVICES LTD
561,MASTER PORTFOLIO SERVICES LTD
562,MATA SECURIITIES INDIA PRIVATE LIMITED
563,MATA SECURITIES INDIA PRIVATE LTD
564,MATHS CAPITAL MANAGEMENT PVT. LTD.
565,Maximus Capital Research Pvt. Ltd.
566,MCC Finance Ltd. (Foresight Financial Se
567,MEFCOM CAPITAL MARKETS LTD
568,MEGACORPS LEASE FINANCE LTD
569,MEHTA EQUITIES LIMITED
570,MEHTA EQUITIES LTD.
571,Merbanc Financial Ser Ltd
572,MERCANTILE SECURITIES LTD.
573,Merisis Advisors Private Limited
574,MF GLOBAL SIFY SECURITIES INDIA PRIVATE LTD
575,MICROSEC CAPITAL LIMITED
576,MICROSEC WEALTH MANAGEMENT LIMITED
577,MIDEAST PORTFOLIO MANAGEMENT LTD.
578,MIDEAST PORTFOLIO MANAGEMENT LTD
579,MILESTONE CAPITAL ADVISORS PRIVATE LIMITED
580,Milestone Capital Advisors Private Limited
581,MILI CAPITAL MANAGEMENT PVT. LTD.
582,MILLENNIUM FINANCE LTD.
583,MILLENNIUM FINANCE LTD.
584,Milton Finance Ltd
585,Mittal Analytics Private Limited
586,MIV INVESTMENT SERVICES PVT. LTD.
587,MIV INVESTMENT SERVICES PVT. LTD.
588,MOAT FINANCIAL SERVICES PRIVATE LIMITED
589,Moat Financial Services Private Limited
590,MODERN SHARES AND STOCK BROKERS LTD
591,Molecule Ventures LLP
592,Monarch Networth Capital Limited
593,MONEYBEE SECURITIES PRIVATE LIMITED
594,MONEYBEE SECURITIES PRIVATE LIMITED
595,MONEYCARE FINANZ PVT.LTD
596,MONEYCARE SECURITIES & FINANCIAL SERVICE LTD
597,MONEYCARE SECURITIES AND FINANCIAL SERVICES LTD
598,Moneylife Advisory Services Pvt Ltd
599,MOPE INVESTMENT ADVISORS PRIVATE LIMITED
600,MOPE Investment Advisors Private Limited
601,MORGAN STANLEY INDIA FINANCIAL SERVICES PRIVATE LIMITED
602,MORNINGSTAR INVESTMENT ADVISER INDIA PRIVATE LIMITED
603,MOTILAL OSWAL ASSET MANAGEMENT COMPANY LIMITED
604,MOTILAL OSWAL ASSET MANAGEMENT COMPANY LIMITED
605,Motilal Oswal Capital Limited
606,Motilal Oswal Financial Services Limited
607,MOTILAL OSWAL WEALTH MANAGEMENT LIMITED
608,Motilal Oswal Wealth Management Limited
609,MRG INVESTMENT PARTNERS PRIVATE LIMITED
610,Mukesh Babu Financial Services Ltd.
611,MULTI-ACT EQUITY CONSULTANCY PVT LTD
612,Multi-Act Equity Consultancy Pvt Ltd
613,MUNOTH FINANCIAL SERVICES LTD
614,MUNOTH FINANCIAL SERVICES LTD
615,Muthoot Securities Limited
616,NALANDA SECURITIES PVT. LTD.
617,NARNOLIA FINANCIAL ADVISORS LTD
618,Narnolia Securities Ltd.
619,NARNOLIA VELOX ADVISORY LIMITED
620,NEGEN CAPITAL SERVICES PRIVATE LIMITED
621,Negen Capital Services Private Limited
622,Neminath Portfolio Management Services Private Limited
623,Networth Finance Ltd
624,NETWORTH STOCK BROKING LTD
625,NEW BERRY CAPITALS PVT. LTD.
626,New Berry Capitals Pvt. Ltd.
627,NEW HORIZON WEALTH MANAGEMENT PRIVATE LIMITED
628,NEW HORIZON WEALTH MANAGEMENT PRIVATE LIMITED
629,NEW MARK ADVISORS LLP
630,NINE RIVERS CAPITAL HOLDINGS PRIVATE LIMITED
631,Nine Rivers Capital Holdings Private Limited
632,Nippon Life India Asset Management Limited
633,NIPRA FINANCIAL SERVICES PRIVATE LIMITED
634,NIPUN INVESTMENTS MANAGERS PVT LIMITED
635,NIRMAL BANG SECURITIES PRIVATE LIMITED
636,NIRMAL BANG SECURITIES PRIVATE LIMITED
637,NJ ASSET MANAGEMENT PRIVATE LIMITED
638,NJ ASSET MANAGEMENT PRIVATE LIMITED
639,NNM Securities Private Limited
640,Northern Arc Investment Managers Private Limited
641,Novastar Fund Advisors Private Limited
642,NUCLEUS SECURITIES LTD
643,O3 SECURITIES PRIVATE LIMITED
644,O3 Securities Private Limited
645,OAKLANE CAPITAL MANAGEMENT LLP
646,OCEAN DIAL ASSET MANAGEMENT INDIA PRIVATE LIMITED
647,OHM PORTFOLIO EQUI RESEARCH PVT LTD.
648,OHM PORTFOLIO EQUI RESEARCH PVT LTD.
649,OLD BRIDGE CAPITAL MANAGEMENT PVT. LTD.
650,Old Bridge Capital Management Pvt. Ltd.
651,ONE THIRTY CAPITAL PRIVATE LIMITED
652,Onelife Capital Advisors Pvt Ltd.
653,ORBIS FINANCIAL SERVICES PVT. LTD.
654,ORO ASSET MANAGEMENT PRIVATE LIMITED
655,Oxford International Finance (I) Ltd.
656,OXUS INVESTMENTS PVT LTD
657,P N VIJAY FINANCIAL SERVICES PVT LTD
658,P.C.S SECURITIES LIMITED
659,P.C.S SECURITIES LIMITED
660,PACE FINANCIAL INVESTMENT ADVISER PRIVATE LIMITED
661,PACE STOCK BROKING SERVICES PVT LTD
662,PADMAKSHI FINANCIAL SERVICES LIMITED
663,Padmakshi Financial Services Pvt Ltd
664,PALSMITH INVESTMENT ADVISORY SERVICES PV
665,Pantomath Fund Managers Private Limited
666,PARAG PARIKH FINANCIAL ADVISORY SERVICE
667,PARAG PARIKH FINANCIAL ADVISORY SERVICES
668,PARAG PARIKH FINANCIAL ADVISORY SERVICES LIMITED
669,PARSOLI CAPITAL & FINANCE LTD
670,PATCO INVESTMENTS AND CONSULTANCY SERVICES LTD
671,Paterson Securities Limited
672,PATERSON SECURITIES PRIVATE LTD
673,PATERSON SECURITIES PRIVATE LTD
674,PEERLESS SECURITIES LIMITED
675,Pelican Holdings Private Limited
676,PENBROOK INVESTMENT MANAGER LLP
677,PENINSULAR CAPITAL MARKET LTD.
678,PGIM India Asset Management Private Limited
679,PHILLIPCAPITAL (INDIA) PRIVATE LIMITED
680,PhillipCapital (India) Private Limited
681,Photon Capital Advisors Ltd.
682,Pioneer Client Associates Private Limited
683,PIONEER INTERMEDIARIES PVT. LTD.
684,PIONEER INVESTCORP LIMITED
685,PIONEER INVESTCORP LIMITED
686,PIONEER WEALTH MANAGEMENT SERVICES LIMITED
687,Pioneer Wealth Management Services Limited
688,Pipal Capital Management Pvt. Ltd.
689,Piper Serica Advisors Private Limited
690,Piramal Financial Services Limited
691,Piramal Fund Management Private Limited
692,Piramal Fund Management Private Limited
693,PL Fund Advisors Pvt Ltd
694,Platinum Finance Limited
695,PNB Gilts Ltd.
696,PNR Capital Services Ltd
697,Popular Stock And Share Ser Ltd
698,PRABHUDAS LILLADHER PRIVATE LTD
699,PRABHUDAS LILLADHER PVT. LTD.
700,PRABHUDAS LILLADHER PVT. LTD.
701,PRABODH ARTHA SANCHAY PVT LTD
702,PRAKALA WEALTH MANAGEMENT PRIVATE LIMITED
703,Pressman Ltd.
704,PRIME BROKING COMPANY (INDIA) LTD.
705,Primus Investment Advisors Private Limited
706,PRINCIPAL ASSET MANAGEMENT PVT LTD
707,PRINCIPAL ASSET MANAGEMENT PVT LTD
708,PRITHVI FINMART PRIVATE LIMITED
709,Prithvi Finmart Private Limited
710,Profusion Investment Advisors LLP
711,PropShare Capital Advisors Private Limited
712,Prosperity Wealth Management Private Limited
713,PRP Professional Edge Associates Pvt Ltd.
714,Prudential Capital Markets Ltd.
715,PSSG CAPITAL MANAGEMENT PRIVATE LIMITED
716,PUG SECURITIES PVT LTD
717,PUNEET ADVISORY SERVICES PVT. LTD.
718,Puneet Advisory Services Pvt. Ltd.
719,Purnartha Investment Advisers Pvt.Ltd.
720,QED CAPITAL ADVISORS LLP
721,QED CAPITAL ADVISORS LLP
722,QRC INVESTMENT ADVISORS LLP
723,Quant Capital Advisors Private Limited
724,QUANT PORTFOLIO MANAGERS PRIVATE LIMITED
725,QUANT PORTFOLIO MANAGERS PRIVATE LIMITED
726,QUANTUM ADVISORS PVT.LTD.
727,QUANTUM ADVISORS PVT.LTD.
728,QUANTUM SECURITIES PVT LTD
729,QUANTUM SECURITIES PVT.LTD
730,QUEST INVESTMENT ADVISORS PVT. LTD.
731,QUEST INVESTMENT ADVISORS PVT. LTD.
732,R. K. STOCKHOLDING PVT. LTD.
733,R. WADIWALA SECURITIES PRIVATE LIMITED
734,R. WADIWALA SECURITIES PRIVATE LIMITED
735,RADAR SEC LTD
736,RAJAN EQUITY ADVISORY PRIVATE LIMITED
737,RAJNISH GARG INVESTMENT ADVISORS LLP
738,Ratnabali Capital Markets Limited
739,RELIANCE CAPITAL ASSET MANAGEMENT LTD
740,RELIANCE WEALTH MANAGEMENT LIMITED
741,RELIANCE WEALTH MANAGEMENT LIMITED
742,Relic Finance Ltd.
743,Religare Invesco Asset Management Company Pvt Ltd.
744,Religare Portfolio Managers and Advisors Private Limited
745,RENAISSANCE INVESTMENT MANAGERS PRIVATE LIMITED
746,Renaissance Investment Managers Private Limited
747,REVELATION PORTFOLIO MANAGEMENT PVT. LTD.
748,REVELATION PORTFOLIO MANAGEMENT PVT. LTD.
749,RGAM CORPORATION PVT LTD
750,RIGHT HORIZONS PORTFOLIO MANAGEMENT PRIVATE LIMITED
751,Right Horizons Portfolio Management Private Limited
752,RISHABH STOCK BROKING SERVICES P. LTD.
753,ROHA ASSET MANAGERS LLP
754,ROULAC INDIA INVESTMENT ADVISORY PRIVATE LIMITED
755,ROWAN CAPITAL ADVISORS LLP
756,SAFFRON GLOBAL MARKETS PRIVATE LIMITED
757,SAGEONE INVESTMENT ADVISORS LLP
758,Sageone Investment Advisors LLP
759,Sahara Asset Management Co. Pvt. Ltd
760,SAI SOFT SECURITIES LTD
761,SALORA FINANCE LTD
762,SAMEEKSHA CAPITAL PRIVATE LIMITED
763,Sameeksha Capital Private Limited
764,SAMVITTI CAPITAL PRIVATE LIMITED
765,SAMVITTI CAPITAL PRIVATE LIMITED
766,SANCTUM WEALTH MANAGEMENT PRIVATE LIMITED
767,SANCTUM WEALTH MANAGEMENT PRIVATE LIMITED
768,SATCO CAPITAL MARKETS LTD
769,SATCO CAPITAL MARKETS LTD
770,SATCO SECURITIES & FINANCIAL SERVICES LTD.
771,SAVVY CAPITAL ADVISORS LLP
772,SAVVY CAPITAL ADVISORS LLP
773,SBI CAPITAL MARKETS LIMITED
774,SBI FUNDS MANAGEMENT PVT LTD
775,SBI FUNDS MANAGEMENT PVT LTD
776,SBICAP SECURITIES LIMITED
777,SBICAP Securities Limited
778,SBICAP SECURITIES LIMITED
779,Scient Capital Private Limited
780,Scient Capital Private Limited
781,SECURITIES INVESTMENT MANAGEMENT PRIVATE LIMITED
782,SECURITIES INVESTMENT MANAGEMENT PRIVATE LIMITED
783,SECURITIES TRADING CORPORATION OF INDIA
784,SEERS FUND MANAGEMENT PRIVATE LIMITED
785,SEERS FUND MANAGEMENT PRIVATE LIMITED
786,SELECT SECURITIES LIMITED
787,SERAPHIC MANAGEMENT & ADVISORY PRIVATE LIMITED
788,Seraphic Management & Advisory Private Limited
789,SETHI FUNDS MANAGEMENT PVT. LTD
790,SFG Capital Advisors LLP
791,SG WEALTH MANAGEMENT SOLUTIONS PRIVATE LIMITED
792,SHADE CAPITAL PRIVATE LIMITED
793,SHADE CAPITAL PRIVATE LIMITED
794,SHADE CAPITAL PRIVATE LIMITED
795,Shah Investor's Home Ltd
796,SHARE INDIA SECURITIES LIMITED
797,SHAREKHAN LIMITED
798,Sharekhan Limited
799,Sharyans Wealth Management Pvt. Ltd.
800,SHCIL Services Ltd
801,SHEPHERDS HILL FINANCIAL ADVISORS LLP
802,Shepherds Hill Financial Advisors LLP
803,SHESHANKA FINANCIAL SERVICES PVT LTD
804,SHINSEI ASSET MANAGEMENT (INDIA) PRIVATE LIMITED
805,SHREYAS STOCKS PRIVATE LTD
806,SHRI PARASRAM HOLDING PRIVATE LIMITED
807,SHRIRAM INSIGHT SHARE BROKERS LIMITED
808,Shriram Investment Services Ltd.
809,SHROFF SECURITIES PRIVATE LIMITED
810,SHROFF SECURITIES PRIVATE LIMITED
811,SILVERARCH INVESTMENT ADVISERS PRIVATE LIMITED
812,SIRIUS ADVISORS PRIVATE LIMITED
813,Sirius Advisors Private Limited
814,SIVAN SECURITIES PVT LTD
815,SIXTH SENSE VENTURE ADVISORS LLP
816,SKI Capital Services Ltd.
817,SKP SECURITIES LIMITED
818,SKP Securities Ltd.
819,SKS Capital & Research Pvt. Ltd.
820,SmartOwner Services India Pvt. Ltd.
821,SMC Global Securities Limited
822,SMC INVESTMENTS AND ADVISORS LIMITED
823,SMC Wealth Management Services Limited
824,SMS FINANCIAL SERVICES PVT. LTD.
825,SOCIETE GENERALE
826,SOLDIERS FIELD INVESTMENTS PRIVATE LIMITED
827,SOLIDARITY ADVISORS PRIVATE LIMITED
828,Solidarity Advisors Private Limited
829,SOMAYAJULU & CO LTD
830,SPA CAPITAL ADVISORS LIMITED
831,SPA CAPITAL ADVISORS LIMITED
832,SPA SECURITIES LIMITED
833,SPAN CAPLEASE PVT. LTD.
834,SPARK CAPITAL ADVISORS (I) PVT LTD
835,Spark Fund Managers Private Limited
836,SPFL SECURITIES LTD.
837,SRF Finance Ltd.
838,STALLION ASSET PRIVATE LIMITED
839,STAMPEDE CAPITAL LIMITED
840,STANDARD CHARTERED - STCI CAPITAL MARKETS LTD
841,STANDARD CHARTERED ASSET MGT COMPANY PVT
842,STANDARD CHARTERED BANK
843,STANDARD CHARTERED SECURITIES (INDIA) LIMITED
844,STANDARD CHARTERED SECURITIES (INDIA) LIMITED
845,STAR FINVEST PVT. LTD.
846,STATE BANK OF INDIA
847,State Bank of Travancore
848,STCI PRIMARY DEALER LIMITED
849,Sterling Holiday Financial Services Ltd.
850,STERLING SECURITIES LTD
851,STEWART & MACKERTICH WEALTH MANAGEMENT LIMITED
852,Stewart & Mackertich Wealth Management Limited
853,STRATEGIC PORTFOLIO ADVISORY CO PVT LTD
854,Strugence Capital Advisors LLP
855,SUGAL & DAMANI SHARE BROKERS LTD.
856,SUMEDHA FISCAL SERVICES LIMITED
857,SUMPOORNA PORTFOLIO LIMITED
858,Sun & Hills Financial Services Pvt. Ltd.
859,Sundaram Alternate Assets Limited
860,SUNDARAM ASSET MANAGEMENT COMPANY LTD.
861,Sunidhi Securities & Finance Limited
862,Supremus Capital Advisors LLP
863,SUREFIN FINANCIAL CONSULTANTS PVT. LTD
864,SUREFIN FINANCIAL CONSULTANTS PVT. LTD
865,Suresh Rathi Securities Private Limited
866,SUSHANT CAPITALS LTD
867,SUSHIL FINANCE CONSULTANTS LTD.
868,SW1 Advisory Private Limited
869,Swastika Investmart Ltd
870,SYKES & RAY EQUITIES (I) LTD.
871,SYKES & RAY EQUITIES INDIA LIMITED
872,Syndicate Bank
873,SYNERGY CREDIT CORPORATION LTD
874,SYSTEMATIX SHARES AND STOCKS (INDIA) LIMITED
875,SYSTEMATIX SHARES AND STOCKS (INDIA) LIMITED
876,T.RAM FINANCIAL SERVICES PRIVATE LIMITED
877,TAIB CAPITAL CORPORATION
878,TAMOHARA INVESTMENT MANAGERS PRIVATE LIMITED
879,TAMOHARA INVESTMENT MANAGERS PRIVATE LIMITED
880,TATA ASSET MANAGEMENT LIMITED
881,TATA ASSET MANAGEMENT LIMITED
882,TATA CAPITAL LTD.
883,Tata Securities Ltd.
884,TAURUS ASSET MANAGEMENT CO. LTD.
885,TAURUS TREASURY MANAGEMENT SERVICES PRIVATE LIMITED
886,Taurus Treasury Management Services Private Limited
887,TCG ADVISORY SERVICES PRIVATE LIMITED
888,TCG Advisory Services Private Limited
889,TCG Advisory Services Private Limited
890,TECHNO SHARES AND SECURITIES LTD
891,THAUMATURGY CAPITAL SERVICES PRIVATE LIMITED
892,THAUMATURGY CAPITAL SERVICES PRIVATE LIMITED
893,THE HONGKONG AND SHANGHAI BANKING CORPOR
894,THE HONGKONG AND SHANGHAI BANKING CORPOR
895,The United Western Bank Ltd.
896,The Vysya Bank Limited
897,THIRANI SECURITIES PVT.LTD.
898,Times Guaranty Financials Ltd
899,TIPSONS CONSULTANCY SERVICES PRIVATE LIMITED
900,Tipsons Consultancy Services Private Limited
901,Tradebulls Securities Private Limited
902,TRANS INDIA CAPITAL MGT. & RESEARCH SER
903,TRICOLOR ADVISORY SERVICES PRIVATE LIMITED
904,TRIUMPH INTERNATIONAL FINANCE INDIA LTD.
905,TRIVANTAGE CAPITAL MANAGMENT INDIA PRIVATE LIMITED
906,TRIVANTAGE CAPITAL MANAGMENT INDIA PRIVATE LIMITED
907,TRUST INVESTMENT ADVISORS PVT. LTD.
908,TRUST INVESTMENT ADVISORS PVT. LTD.
909,TRUSTLINE HOLDING PVT. LTD.
910,TRUSTLINE HOLDING PVT. LTD.
911,TRUSTLINE SECURITIES LIMITED
912,TRUSTLINE SECURITIES LIMITED
913,TULSIAN PMS PRIVATE LIMITED
914,TURTLE WEALTH MANAGEMENT PVT. LTD.
915,TVS CAPITAL FUNDS LIMITED
916,TVS Capital Funds Limited
917,Twin Earth Securities Private Limited
918,UI Wealth Advisors Limited
919,ULJK FINANCIAL SERVICES PVT. LTD.
920,UNICON SECURITIES PRIVATE LIMITED
921,UNIFI CAPITAL PRIVATE LIMITED
922,UNIFI CAPITAL PRIVATE LIMITED
923,UNIQUE ASSET MANAGEMENT LLP
924,UNIT TRUST OF INDIA INVESTMENT ADVISORY
925,UNITED CREDIT FINANCIAL SER.LTD
926,United Credit Ltd
927,UTI ASSET MANAGEMENT COMPANY PVT LTD
928,UTI ASSET MANAGEMENT COMPANY PVT LTD
929,UTI Securities Exchange Ltd
930,V. P. Consultants Private Limited
931,Val-Q Investment Advisory Private Limited
932,Val-Q Investment Advisory Private Limited
933,Valcreate Investment Managers LLP
934,VALENTIS ADVISORS PRIVATE LIMITED
935,VALENTIS ADVISORS PRIVATE LIMITED
936,Vallum Capital Advisors Private Limited
937,Value Prolific Investments & Consulting Private Limited
938,Value Prolific Investments and Consulting Private Limited
939,ValueQuest Capital LLP
940,VALUEQUEST INVESTMENT ADVISORS PVT. LTD.
941,VALUEQUEST INVESTMENT ADVISORS PVT. LTD.
942,VARANIUM CAPITAL ADVISORS PRIVATE LIMITED
943,Varanium Capital Advisors Private Limited
944,Vatsa Corporation Ltd.
945,VCAM INVESTMENT MANAGERS PVT. LTD.
946,VENTURA SECURITIES LIMITED
947,Ventura Securities Limited
948,VITOR FUND MANAGERS LLP
949,Vitor Fund Managers LLP
950,VLS Securities Limited
951,Wadhawan Wealth Managers Private Limited
952,WALL STREET FINANCE LIMITED
953,Wallfort PMS & Advisory Services LLP
954,WAY2WEALTH BROKERS PRIVATE LTD.
955,WAY2WEALTH BROKERS PRIVATE LTD.
956,WEALTH ADVISORS (INDIA) PRIVATE LIMITED
957,WEALTH ADVISORS (INDIA) PRIVATE LIMITED
958,WEALTH FIRST PORTFOLIO MANAGERS LIMITED
959,WEALTH FIRST PORTFOLIO MANAGERS PVT LTD
960,WEALTH MANAGEMENT ADVISORY SERVICES LTD.
961,WEALTH MANAGERS (INDIA) PRIVATE LIMITED
962,Wealth Managers (India) Private Limited
963,WEALTHBRIDGE CAPITAL ADVISORS PRIVATE LIMITED
964,WealthBridge Capital Advisors Private Limited
965,WEGMANS FINANCIAL SERVICES LTD.
966,Weizmann Ltd.
967,WELLWORTH SHARE AND STOCK BROKING LTD
968,White Oak Capital Management Consultants LLP
969,White Stone Financial Advisors Private Limited
970,White Whale Partners LLP
971,WILLOW ADVISORS LLP
972,Wisdom Equities Management Private Limited
973,Wizemarkets Analytics Private Limited
974,Wyridian Advisors LLP
975,YASH MANAGEMENT AND FINANCIAL SERVICES
976,YES BANK Ltd.
977,ZEN WEALTH MANAGEMENT SERVICES LIMITED
978,ZEN WEALTH MANAGEMENT SERVICES LIMITED
979,ZURICH ASSET MANAGEMENT COMPANY (INDIA) PVT LTD
